term,definition,link,introduced_by_card_id
Kubernetes,"An open-source system that runs and manages containers for you across a whole group of machines -- deciding where each one runs, restarting it if it crashes, and scaling it up or down as load changes.",https://kubernetes.io/docs/concepts/overview/,1
Docker,The tool that packages an app and everything it needs into a single container and runs that one container on one machine -- Kubernetes then takes many of these and orchestrates them across a cluster.,https://en.wikipedia.org/wiki/Docker_(software),7
Orchestration,"The ongoing work of deciding where each container should run, restarting it if it dies, and scaling it up or down as demand changes -- this is the job Kubernetes automates across a whole cluster, on top of Docker's job of just running one container on one machine.",https://en.wikipedia.org/wiki/Container_orchestration,7
Cluster,The whole group of machines Kubernetes manages together as one unit -- split into a control plane that makes decisions and nodes that actually run your workloads.,https://kubernetes.io/docs/concepts/overview/components/,11
Control plane,"The 'brain' half of a cluster: the set of components that decide what should run and where, as opposed to the nodes, which are the machines that actually run it.",https://kubernetes.io/docs/concepts/overview/components/,11
Node,"One of the worker machines in a cluster that actually runs your containers, as directed by the control plane.",https://kubernetes.io/docs/concepts/architecture/nodes/,12
etcd,"The single database that stores every fact about a cluster's current state -- only the API server talks to it directly, so it's the cluster's one source of truth.",https://etcd.io/,16
API server,"The one door every request to a cluster passes through, whether it's you running kubectl or a component inside Kubernetes itself -- nothing talks to etcd directly except this.",https://kubernetes.io/docs/concepts/overview/components/#kube-apiserver,17
Scheduler,"The control-plane component that picks which node a new pod should run on, based on that pod's resource needs and any placement constraints -- you don't choose the machine yourself.",https://kubernetes.io/docs/concepts/scheduling-eviction/kube-scheduler/,21
Kubelet,"The agent that runs on every node and actually talks to the container runtime to start, stop, and keep monitoring that node's containers.",https://kubernetes.io/docs/reference/command-line-tools-reference/kubelet/,17
Container runtime,"The low-level software on a node that actually creates and runs containers -- pulling images, then starting and stopping the processes inside them -- which the kubelet calls out to rather than doing itself (e.g. containerd or CRI-O).",https://kubernetes.io/docs/setup/production-environment/container-runtimes/,27
kubectl,The command-line tool you use to talk to a cluster's API server -- both to ask questions about it (like listing pods) and to tell it what state you want.,https://kubernetes.io/docs/reference/kubectl/,18
Pod,"The smallest deployable unit in Kubernetes: one or more containers that always run together on the same node, sharing the same network address and storage.",https://kubernetes.io/docs/concepts/workloads/pods/,21
Sidecar container,"A helper container that shares a pod with the main application container, using that same network and storage -- commonly used for things like logging or proxying traffic.",https://kubernetes.io/docs/concepts/workloads/pods/sidecar-containers/,42
ReplicaSet,"A controller that keeps a fixed number of identical pods running at all times, automatically starting a replacement if one crashes or disappears.",https://kubernetes.io/docs/concepts/workloads/controllers/replicaset/,51
Deployment,The controller most people actually use day to day -- it manages a ReplicaSet underneath and adds rolling updates and easy rollbacks on top of it.,https://kubernetes.io/docs/concepts/workloads/controllers/deployment/,56
StatefulSet,"Like a Deployment, but each pod gets a stable, unique identity and its own persistent storage that follows it -- the right fit for stateful apps like databases.",https://kubernetes.io/docs/concepts/workloads/controllers/statefulset/,62
DaemonSet,A controller that runs exactly one copy of a pod on every node in the cluster -- a natural fit for things like logging or monitoring agents that need to be everywhere.,https://kubernetes.io/docs/concepts/workloads/controllers/daemonset/,66
Kubernetes Job,"A controller that runs a task to completion once, then stops -- unlike a Deployment, it isn't meant to keep running forever.",https://kubernetes.io/docs/concepts/workloads/controllers/job/,287
CronJob,"A Job that repeats on a schedule you set, like a nightly backup, instead of running just once.",https://kubernetes.io/docs/concepts/workloads/controllers/cron-jobs/,71
Service,"An object that gives a changing set of pods one stable network address, so other things can reliably reach them even as individual pods come and go and their IPs change.",https://kubernetes.io/docs/concepts/services-networking/service/,71
ClusterIP,"The default Service type -- gives pods a stable address that's reachable only from inside the cluster, not from the internet.",https://kubernetes.io/docs/concepts/services-networking/service/,82
NodePort,"A Service type that opens the same port on every node in the cluster, making the service reachable from outside using any node's address.",https://kubernetes.io/docs/concepts/services-networking/service/,82
LoadBalancer,"A Service type that asks the cloud provider for a real external, internet-facing address -- the option for exposing something to the public internet.",https://kubernetes.io/docs/concepts/services-networking/service/,81
Cluster DNS,"Kubernetes' built-in DNS system that lets one pod reach another by a stable name -- typically a Service's name -- instead of by IP address, since a pod's IP can change whenever it restarts or moves to a different node.",https://kubernetes.io/docs/concepts/services-networking/dns-pod-service/,87
Ingress,"An object that defines HTTP routing rules for external traffic coming into a cluster, based on things like hostname or URL path.",https://kubernetes.io/docs/concepts/services-networking/ingress/,18
Ingress controller,"The component that actually reads an Ingress object's routing rules and implements them, sending real traffic where it says to.",https://kubernetes.io/docs/concepts/services-networking/ingress-controllers/,92
ConfigMap,"An object that holds an app's configuration separately from its container image, so you can change a setting without rebuilding or redeploying anything.",https://kubernetes.io/docs/concepts/configuration/configmap/,96
Secret,"Like a ConfigMap, but for sensitive values like passwords, tokens, and keys -- handled with more care so they don't sit in plain regular configuration.",https://kubernetes.io/docs/concepts/configuration/secret/,101
Volume,"Storage attached to a pod that outlives a single container restart -- without one, anything a container wrote to its own local disk is wiped when it restarts.",https://kubernetes.io/docs/concepts/storage/volumes/,111
PersistentVolume,"A piece of real storage that already exists and is available in the cluster, ready for a pod to claim and use.",https://kubernetes.io/docs/concepts/storage/persistent-volumes/,116
PersistentVolumeClaim,"A pod's request for storage -- separate from the PersistentVolume itself, which is the actual storage that fulfills that request.",https://kubernetes.io/docs/concepts/storage/persistent-volumes/#persistentvolumeclaims,116
StorageClass,"A setup that lets Kubernetes create storage automatically the moment a claim needs it, instead of an admin having to pre-provision volumes by hand.",https://kubernetes.io/docs/concepts/storage/storage-classes/,121
Namespace,"A logical space inside one cluster that lets different teams, environments, or projects share it without their objects colliding or interfering.",https://kubernetes.io/docs/concepts/overview/working-with-objects/namespaces/,52
Label,"A key-value tag attached to a Kubernetes object (like a pod), used to identify and organize it -- almost every other Kubernetes feature builds on this tagging system.",https://kubernetes.io/docs/concepts/overview/working-with-objects/labels/,117
Selector,A query that finds Kubernetes objects by matching the labels attached to them.,https://kubernetes.io/docs/concepts/overview/working-with-objects/labels/,137
Node affinity,"A rule that attracts a pod toward certain nodes when the scheduler places it, based on labels on those nodes.",https://kubernetes.io/docs/concepts/scheduling-eviction/assign-pod-node/#affinity-and-anti-affinity,141
Taint,"A marker on a node that repels pods away from it, unless a pod explicitly carries a matching toleration -- the opposite effect of node affinity.",https://kubernetes.io/docs/concepts/scheduling-eviction/taint-and-toleration/,142
Toleration,A setting on a pod that lets it ignore a specific taint and be scheduled onto that node anyway.,https://kubernetes.io/docs/concepts/scheduling-eviction/taint-and-toleration/,142
Liveness probe,"A recurring check that confirms a pod is still alive and working -- if it fails, Kubernetes restarts the pod.",https://kubernetes.io/docs/concepts/configuration/liveness-readiness-startup-probes/,147
Readiness probe,"A check that confirms a pod is ready to accept real traffic -- until it passes, Kubernetes won't send requests to that pod.",https://kubernetes.io/docs/concepts/configuration/liveness-readiness-startup-probes/,147
Startup probe,"A check that runs before the liveness and readiness probes, giving a slow-booting app enough time to start before the other probes begin judging it.",https://kubernetes.io/docs/concepts/configuration/liveness-readiness-startup-probes/,146
Manifest,A YAML file that describes the state you want a cluster to be in -- not a sequence of commands -- which kubectl apply then works out how to achieve.,https://kubernetes.io/docs/concepts/overview/working-with-objects/,157
Helm,"A packaging tool that bundles a set of Kubernetes manifests into a single reusable, configurable chart, so you can install a whole app with one command instead of applying many YAML files by hand.",https://helm.sh/,161
Helm chart,"A reusable, configurable package of Kubernetes manifests created with Helm, used to install or upgrade a whole application in one step.",https://helm.sh/docs/topics/charts/,162
Kustomize,"A tool that customizes plain Kubernetes YAML by layering small patches on top of a base version -- unlike Helm, it needs no templating language.",https://kustomize.io/,166
Rolling update,"A way of deploying a new version that replaces old pods with new ones a few at a time, instead of all at once, so the app stays available with zero downtime throughout.",https://kubernetes.io/docs/tutorials/kubernetes-basics/update/update-intro/,171
Rollback,"Undoing a rolling update and returning to the previous working version, used when a new deployment turns out to be broken.",https://kubernetes.io/docs/concepts/workloads/controllers/deployment/,172
RBAC,"Role-Based Access Control -- the system that grants specific cluster permissions to users or service accounts through defined roles, instead of giving everyone full access.",https://kubernetes.io/docs/reference/access-authn-authz/rbac/,181
ResourceQuota,"A cap on the total resources (like CPU and memory) a whole namespace is allowed to use, so one team can't starve out everyone else sharing the cluster.",https://kubernetes.io/docs/concepts/policy/resource-quotas/,186
PodDisruptionBudget,"A rule that limits how many pods of a workload can go down at once during a voluntary disruption, like planned node maintenance, protecting its overall availability.",https://kubernetes.io/docs/concepts/workloads/pods/disruptions/,191
IP,Internet Protocol address: the number that identifies a device or pod on a network.,https://en.wikipedia.org/wiki/IP_address,
IPs,Internet Protocol addresses: the numbers that identify devices or pods on a network.,https://en.wikipedia.org/wiki/IP_address,
YAML,"A human-readable text format for configuration, used for Kubernetes manifests.",https://en.wikipedia.org/wiki/YAML,
CPU,Central processing unit: the processor that executes a program's instructions.,https://en.wikipedia.org/wiki/Central_processing_unit,
DNS,Domain Name System: the service that turns names into IP addresses.,https://en.wikipedia.org/wiki/Domain_Name_System,
CoreDNS,The DNS server that runs inside a Kubernetes cluster so pods and Services can find each other by name.,https://kubernetes.io/docs/tasks/administer-cluster/coredns/,
HPA,Horizontal Pod Autoscaler: adds or removes pods automatically as load changes.,https://kubernetes.io/docs/tasks/run-application/horizontal-pod-autoscale/,
ConfigMaps,Kubernetes objects that hold non-secret configuration for pods.,https://kubernetes.io/docs/concepts/configuration/configmap/,
PV,PersistentVolume: a piece of storage in the cluster that outlives any one pod.,https://kubernetes.io/docs/concepts/storage/persistent-volumes/,
PVC,PersistentVolumeClaim: a pod's request for storage from a PersistentVolume.,https://kubernetes.io/docs/concepts/storage/persistent-volumes/,
StatefulSets,Kubernetes objects that run pods needing stable names and their own storage.,https://kubernetes.io/docs/concepts/workloads/controllers/statefulset/,
DaemonSets,Kubernetes objects that run one copy of a pod on every node.,https://kubernetes.io/docs/concepts/workloads/controllers/daemonset/,
ReplicaSets,Kubernetes objects that keep a set number of identical pods running.,https://kubernetes.io/docs/concepts/workloads/controllers/replicaset/,
CronJobs,Kubernetes objects that run a Job on a repeating schedule.,https://kubernetes.io/docs/concepts/workloads/controllers/cron-jobs/,
ResourceQuotas,Kubernetes objects that cap how many resources a namespace may use.,https://kubernetes.io/docs/concepts/policy/resource-quotas/,
PDB,PodDisruptionBudget: a limit on how many pods of an app may be down at once during planned maintenance.,https://kubernetes.io/docs/concepts/workloads/pods/disruptions/,
PDBs,PodDisruptionBudgets: limits on how many pods of an app may be down at once during planned maintenance.,https://kubernetes.io/docs/concepts/workloads/pods/disruptions/,
RoleBindings,Kubernetes objects that give a user or service account the permissions of a Role.,https://kubernetes.io/docs/reference/access-authn-authz/rbac/,
HTTP,HyperText Transfer Protocol: the protocol web browsers and servers use to exchange pages and data.,https://en.wikipedia.org/wiki/HTTP,
HTTPS,HTTP carried over an encrypted connection.,https://en.wikipedia.org/wiki/HTTPS,
MAC,Media access control address: the hardware address of a network card.,https://en.wikipedia.org/wiki/MAC_address,
URI,"Uniform resource identifier: a string that names a resource, such as a web address.",https://en.wikipedia.org/wiki/Uniform_Resource_Identifier,
L7,"Layer 7: the application layer of the network stack, where HTTP lives.",https://en.wikipedia.org/wiki/OSI_model,
README,A file that explains what a project is and how to use it.,https://en.wikipedia.org/wiki/README,
UIs,User interfaces: the screens and controls people use to work with software.,https://en.wikipedia.org/wiki/User_interface,5
CSV,Comma-separated values: a plain-text table format where each line is a row.,https://en.wikipedia.org/wiki/Comma-separated_values,160
Clusters,Groups of machines that Kubernetes manages together as one system.,https://kubernetes.io/docs/concepts/architecture/,11
Control-plane,The Kubernetes components that decide where pods run and keep the cluster in its desired state.,https://kubernetes.io/docs/concepts/architecture/,11
Nodes,The worker machines in a Kubernetes cluster where pods actually run.,https://kubernetes.io/docs/concepts/architecture/nodes/,12
Pods,The smallest deployable units in Kubernetes: one or more containers sharing network and storage.,https://kubernetes.io/docs/concepts/workloads/pods/,21
Deployments,Kubernetes objects that keep a set number of identical pods running and roll out updates.,https://kubernetes.io/docs/concepts/workloads/controllers/deployment/,56
Services,Kubernetes objects that give a set of pods one stable address and load-balance across them.,https://kubernetes.io/docs/concepts/services-networking/service/,71
Secrets,Kubernetes objects that hold sensitive data such as passwords and tokens.,https://kubernetes.io/docs/concepts/configuration/secret/,101
Volumes,Storage attached to a pod that can outlive individual containers.,https://kubernetes.io/docs/concepts/storage/volumes/,111
Namespaces,Named partitions that divide one cluster into separate virtual areas.,https://kubernetes.io/docs/concepts/overview/working-with-objects/namespaces/,52
Labeling,Attaching key-value tags to Kubernetes objects so they can be grouped and selected.,https://kubernetes.io/docs/concepts/overview/working-with-objects/labels/,117
Labels,Key-value tags attached to Kubernetes objects so they can be grouped and selected.,https://kubernetes.io/docs/concepts/overview/working-with-objects/labels/,117
Selectors,Queries that pick Kubernetes objects by their labels.,https://kubernetes.io/docs/concepts/overview/working-with-objects/labels/,137
Taints,Marks on a node that repel pods unless the pod tolerates them.,https://kubernetes.io/docs/concepts/scheduling-eviction/taint-and-toleration/,142
Tolerations,Settings on a pod that let it be scheduled onto nodes with matching taints.,https://kubernetes.io/docs/concepts/scheduling-eviction/taint-and-toleration/,142
Readiness probes,Health checks that tell Kubernetes when a container is ready to receive traffic.,https://kubernetes.io/docs/tasks/configure-pod-container/configure-liveness-readiness-startup-probes/,147
Manifests,YAML files that describe the Kubernetes objects you want to exist.,https://kubernetes.io/docs/concepts/overview/working-with-objects/,157
Rolling updates,Updates that replace pods a few at a time so the app stays available.,https://kubernetes.io/docs/tutorials/kubernetes-basics/update/update-intro/,171
Rollbacks,Returning a Deployment to a previous working version after a bad update.,https://kubernetes.io/docs/concepts/workloads/controllers/deployment/,172
